TradeID,Buy_Time,Sell_Time,Symbol,Buy_Price,Sell_Price,Contracts,ProfitLoss,ProfitPercent,Profitable,Buy_Comm,Sell_Comm
1,1/3/2023 09:30:38,1/3/2023 09:31:41,SPY 230104P385,2.98,3.2,1,22.0,7.38%,1,1.0,1.0
2,1/3/2023 09:37:07,1/3/2023 09:37:42,SPY 230104C385,2.36,2.27,1,-9.0,-3.81%,0,1.0,1.0
3,1/3/2023 09:43:37,1/3/2023 09:44:19,SPY 230104P385,1.93,2.1,2,34.0,8.81%,1,2.0,2.0
4,1/4/2023 09:31:10,1/4/2023 09:31:28,SPY 230105C383,2.71,2.6,2,-22.0,-4.06%,0,2.0,2.0
5,1/5/2023 09:30:31,1/5/2023 09:30:37,SPY 230106C382,2.93,2.85,1,-8.0,-2.73%,0,1.0,1.0
6,1/5/2023 09:30:51,1/5/2023 09:31:03,SPY 230106C382,2.95,2.85,1,-10.0,-3.39%,0,1.0,1.0
7,1/6/2023 09:30:38,1/6/2023 09:30:43,SPY 230109C383,2.35,2.27,1,-8.0,-3.40%,0,1.0,1.0
8,1/6/2023 09:30:59,1/6/2023 09:31:06,SPY 230109C383,2.34,2.21,1,-13.0,-5.56%,0,1.0,1.0
9,1/9/2023 09:30:46,1/9/2023 09:31:08,SPY 230110C390,2.39,2.37,1,-2.0,-0.84%,0,1.0,1.0
10,1/9/2023 09:31:38,1/9/2023 09:31:43,SPY 230110C390,2.46,2.34,1,-12.0,-4.88%,0,1.0,1.0
11,1/10/2023 09:30:59,1/10/2023 09:31:19,SPY 230113P385,3.55,3.42,1,-13.0,-3.66%,0,1.0,1.0
12,1/11/2023 09:33:32,1/11/2023 09:34:37,SPY 230112C395,2.83,2.86,1,3.0,1.06%,1,1.0,1.0
13,1/11/2023 09:42:07,1/11/2023 09:43:13,SPY 230112C393,4.02,4.24,1,22.0,5.47%,1,1.0,1.0
14,1/11/2023 09:44:02,1/11/2023 09:44:13,SPY 230112P392,3.62,3.59,1,-3.0,-0.83%,0,1.0,1.0
15,1/11/2023 09:44:42,1/11/2023 09:45:01,SPY 230112P392,3.65,3.56,1,-9.0,-2.47%,0,1.0,1.0
16,1/11/2023 09:45:13,1/11/2023 09:46:09,SPY 230112P392,3.64,3.65,1,1.0,0.27%,1,1.0,1.0
17,1/11/2023 09:46:32,1/11/2023 09:47:31,SPY 230112P392,3.66,3.69,1,3.0,0.82%,1,1.0,1.0
18,1/11/2023 09:48:54,1/11/2023 09:50:39,SPY 230112P392,3.62,3.7,1,8.0,2.21%,1,1.0,1.0
19,1/11/2023 09:57:32,1/11/2023 09:58:50,SPY 230112P392,3.82,3.97,1,15.0,3.93%,1,1.0,1.0
20,1/12/2023 09:33:41,01.12.2023 09:34:16,SPY 230113C396,2.44,2.34,2,-20.0,-4.10%,0,2.0,2.0
21,1/13/2023 9:31:50 ,1/13/2023 9:32:56 ,SPY 230117P392,1.47,1.56,1,9.0,6.12%,1,1.0,1.0
22,1/13/2023 9:31:50 ,1/13/2023 9:33:20 ,SPY 230117P392,1.47,1.59,1,12.0,8.16%,1,1.0,1.0
23,1/13/2023 9:43:11 ,1/13/2023 9:43:57 ,SPY 230117C395,1.7,1.81,1,11.0,6.47%,1,1.0,1.0
24,1/13/2023 9:43:11 ,1/13/2023 9:44:18 ,SPY 230117C395,1.7,1.71,1,1.0,0.59%,1,1.0,1.0
25,1/13/2023 9:52:05 ,1/13/2023 9:53:39 ,SPY 230117P394,1.86,1.8,2,-11.0,-2.96%,0,2.0,2.0
26,1/13/2023 9:53:57 ,1/13/2023 9:54:56 ,SPY 230117P394,1.86,1.78,2,-16.0,-4.30%,0,2.0,2.0
27,1/13/2023 9:55:15 ,1/13/2023 9:55:46 ,SPY 230117P394,1.86,1.77,2,-18.0,-4.84%,0,2.0,2.0
28,1/17/2023 9:30:09 ,1/17/2023 9:30:32 ,SPY 230118C400,1.51,1.45,2,-12.0,-3.97%,0,2.0,2.0
29,1/18/2023 9:32:51 ,1/18/2023 9:33:46 ,SPY 230119C399,1.89,1.97,1,8.0,4.23%,1,1.0,1.0
30,1/18/2023 9:32:51 ,1/18/2023 9:34:01 ,SPY 230119C399,1.89,1.81,1,-8.0,-4.23%,0,1.0,1.0
31,1/18/2023 9:38:03 ,1/18/2023 9:38:36 ,SPY 230119C399,1.7,1.78,1,8.0,4.71%,1,1.0,1.0
32,1/18/2023 9:38:03 ,1/18/2023 9:38:47 ,SPY 230119C399,1.7,1.67,1,-3.0,-1.76%,0,1.0,1.0
33,1/18/2023 9:44:10 ,1/18/2023 9:44:18 ,SPY 230120C400,1.78,1.65,2,-26.0,-7.30%,0,2.0,2.0
34,1/19/2023 9:31:16 ,1/19/2023 9:31:23 ,SPY 230120P388,1.51,1.45,2,-12.0,-3.97%,0,2.0,2.0
35,1/20/2023 9:43:45 ,1/20/2023 9:46:20 ,SPY 230123P389,1.76,1.89,1,13.0,7.39%,1,1.0,1.0
36,1/20/2023 9:43:45 ,1/20/2023 9:48:24 ,SPY 230123P389,1.76,1.74,1,-2.0,-1.14%,0,1.0,1.0
37,1/20/2023 9:49:52 ,1/20/2023 9:50:48 ,SPY 230123P389,1.83,1.76,2,-14.0,-3.83%,0,2.0,2.0
38,1/20/2023 9:55:31 ,1/20/2023 9:56:15 ,SPY 230123C390,1.77,1.88,1,11.0,6.21%,1,1.0,1.0
39,1/20/2023 9:55:31 ,1/20/2023 9:57:26 ,SPY 230123C390,1.77,2.01,1,24.0,13.56%,1,1.0,1.0
40,1/20/2023 10:01:41 ,1/20/2023 10:02:32 ,SPY 230123P389,1.71,1.61,2,-20.0,-5.85%,0,2.0,2.0
41,1/20/2023 10:03:44 ,1/20/2023 10:04:19 ,SPY 230123P389,1.62,1.55,2,-14.0,-4.32%,0,2.0,2.0
42,1/23/2023 9:32:18 ,1/23/2023 9:32:43 ,SPY 230124C397,1.56,1.67,1,11.0,7.05%,1,1.0,1.0
43,1/23/2023 9:32:18 ,1/23/2023 9:33:13 ,SPY 230124C397,1.56,1.64,1,8.0,5.13%,1,1.0,1.0
44,1/23/2023 9:40:22 ,1/23/2023 9:41:55 ,SPY 230124P395,1.31,1.4,1,9.0,6.87%,1,1.0,1.0
45,1/23/2023 9:40:22 ,1/23/2023 9:42:17 ,SPY 230124P395,1.31,1.25,1,-6.0,-4.58%,0,1.0,1.0
46,1/23/2023 9:53:58 ,1/23/2023 9:57:14 ,SPY 230124P397,1.44,1.54,1,10.0,6.94%,1,1.0,1.0
47,1/23/2023 9:53:58 ,1/23/2023 9:57:59 ,SPY 230124P397,1.44,1.52,1,8.0,5.56%,1,1.0,1.0
48,1/23/2023 10:06:21 ,1/23/2023 10:08:01 ,SPY 230124C398,1.79,1.85,1,6.0,3.35%,1,1.0,1.0
49,1/23/2023 10:06:21 ,1/23/2023 10:09:29 ,SPY 230124C398,1.79,1.83,1,4.0,2.23%,1,1.0,1.0
50,1/23/2023 10:33:39 ,1/23/2023 10:34:32 ,SPY 230124P399,1.73,1.68,2,-10.0,-2.89%,0,2.0,2.0
51,1/24/2023 9:31:34 ,1/24/2023 9:31:47 ,SPY 230125C399,2.0,1.94,2,-12.0,-3.00%,0,2.0,2.0
52,1/25/2023 9:33:15 ,1/25/2023 9:33:31 ,SPY 230126C396,2.04,1.98,2,-13.0,-3.18%,0,2.0,2.0
53,1/26/2023 9:39:58 ,1/26/2023 9:40:07 ,SPY 230127P402,1.49,1.36,2,-26.0,-8.72%,0,2.0,2.0
54,1/27/2023 9:49:23 ,1/27/2023 9:49:58 ,SPY 230130P405,1.98,2.06,1,8.0,4.04%,1,1.0,1.0
55,1/27/2023 9:49:23 ,1/27/2023 9:50:13 ,SPY 230130P405,1.98,1.91,1,-7.0,-3.54%,0,1.0,1.0
56,1/27/2023 9:51:27 ,1/27/2023 9:54:50 ,SPY 230130P405,1.92,1.83,2,-18.0,-4.69%,0,2.0,2.0
57,1/30/2023 9:39:53 ,1/30/2023 9:40:50 ,SPY 230131P403,1.74,1.81,1,7.0,4.02%,1,1.0,1.0
58,1/30/2023 9:39:53 ,1/30/2023 9:44:27 ,SPY 230131P403,1.74,1.8,1,6.0,3.45%,1,1.0,1.0
59,1/30/2023 9:48:36 ,1/30/2023 9:49:12 ,SPY 230131P404,1.85,1.94,1,9.0,4.86%,1,1.0,1.0
60,1/30/2023 9:48:44 ,1/30/2023 9:50:06 ,SPY 230131P404,1.88,1.88,1,0.0,0.00%,1,1.0,1.0
61,1/30/2023 9:50:35 ,1/30/2023 9:50:55 ,SPY 230131P404,1.89,1.98,1,9.0,4.76%,1,1.0,1.0
62,1/30/2023 9:50:35 ,1/30/2023 9:51:44 ,SPY 230131P404,1.89,1.9,1,1.0,0.53%,1,1.0,1.0
63,1/30/2023 9:53:15 ,1/30/2023 9:54:02 ,SPY 230131P404,1.89,1.96,1,7.0,3.70%,1,1.0,1.0
64,1/30/2023 9:53:15 ,1/30/2023 9:54:14 ,SPY 230131P404,1.89,2.12,1,23.0,12.17%,1,1.0,1.0
65,1/31/2023 10:02:23 ,1/31/2023 10:05:32 ,SPY 230201P401,3.04,3.04,1,0.0,0.00%,1,1.0,1.0
66,1/31/2023 10:06:41 ,1/31/2023 10:07:11 ,SPY 230201P401,2.96,2.8,1,-16.0,-5.41%,0,1.0,1.0
67,2/1/2023 09:55:25,2/1/2023 09:56:21,SPY 230202P406,3.2,3.37,1,17.0,5.31%,1,1.0,1.0
68,2/1/2023 10:15:07,2/1/2023 10:16:39,SPY 230202P405,3.04,3.23,1,19.0,6.25%,1,1.0,1.0
69,2/2/2023 09:32:01,2/2/2023 09:32:34,SPY 230203C415,2.53,2.65,1,12.0,4.74%,1,1.0,1.0
70,2/2/2023 09:48:33,2/2/2023 09:50:35,SPY 230203P412,1.77,1.81,1,4.0,2.26%,1,1.0,1.0
71,2/2/2023 09:48:33,2/2/2023 09:50:57,SPY 230203P412,1.77,1.81,1,4.0,2.26%,1,1.0,1.0
72,2/2/2023 10:00:56,2/2/2023 10:01:36,SPY 230203C415,2.1,2.17,1,7.0,3.33%,1,1.0,1.0
73,2/2/2023 10:00:56,2/2/2023 10:01:59,SPY 230203C415,2.1,2.4,1,30.0,14.29%,1,1.0,1.0
74,2/3/2023 09:30:51,2/3/2023 09:31:12,SPY 230206P411,1.8,1.89,1,8.5,4.71%,1,1.0,1.0
75,2/3/2023 09:30:51,2/3/2023 09:31:18,SPY 230206P411,1.8,1.79,1,-1.5,-0.83%,0,1.0,1.0
76,2/3/2023 09:32:10,2/3/2023 09:32:27,SPY 230206P411,1.74,1.67,1,-7.0,-4.02%,0,1.0,1.0
77,2/3/2023 09:40:38,2/3/2023 09:41:25,SPY 230206P413,2.08,1.96,2,-25.0,-6.00%,0,2.0,2.0
78,2/6/2023 09:41:45,2/6/2023 09:42:07,SPY 230207C411,2.0,2.06,1,6.0,3.00%,1,1.0,1.0
79,2/6/2023 09:41:45,2/6/2023 09:42:52,SPY 230207C411,2.0,2.0,1,0.0,0.00%,1,1.0,1.0
80,2/6/2023 09:50:00,2/6/2023 09:50:38,SPY 230207P409,1.99,1.91,2,-16.0,-4.02%,0,2.0,2.0
81,2/7/2023 09:56:31,2/7/2023 09:59:04,SPY 230208P408,1.97,2.04,2,14.0,3.55%,1,2.0,2.0
82,2/7/2023 10:05:56,2/7/2023 10:06:59,SPY 230208P408,1.98,1.94,2,-8.0,-2.02%,0,2.0,2.0
83,2/7/2023 10:28:35,2/7/2023 10:30:30,SPY 230208C410,1.81,1.9,1,9.0,4.97%,1,1.0,1.0
84,2/7/2023 10:28:35,2/7/2023 10:32:11,SPY 230208C410,1.81,1.96,1,15.0,8.29%,1,1.0,1.0
85,2/7/2023 10:52:02,2/7/2023 10:54:10,SPY 230208P408,1.83,1.93,2,20.0,5.46%,1,2.0,2.0
86,2/8/2023 09:38:04,2/8/2023 09:38:16,SPY 230209P413,1.85,1.75,2,-20.0,-5.41%,0,2.0,2.0
87,2/9/2023 09:42:10,2/9/2023 09:42:52,SPY 230210C414,1.97,1.89,2,-16.0,-4.06%,0,2.0,2.0
88,2/10/2023 09:36:26,2/10/2023 09:36:45,SPY 230213P405,1.8,1.89,1,9.0,5.00%,1,1.0,1.0
89,2/10/2023 09:36:26,2/10/2023 09:37:10,SPY 230213P405,1.8,1.8,1,0.0,0.00%,1,1.0,1.0
90,2/10/2023 09:46:05,2/10/2023 09:47:12,SPY 230213P405,1.95,2.05,1,10.0,5.13%,1,1.0,1.0
91,2/10/2023 09:46:05,2/10/2023 09:48:39,SPY 230213P405,1.95,2.02,1,7.0,3.59%,1,1.0,1.0
92,2/10/2023 09:50:10,2/10/2023 09:50:36,SPY 230213P405,1.9,1.83,2,-14.0,-3.68%,0,2.0,2.0
93,2/10/2023 10:04:08,2/10/2023 10:04:55,SPY 230213C406,2.15,2.26,1,11.0,5.12%,1,1.0,1.0
94,2/10/2023 10:04:08,2/10/2023 10:05:40,SPY 230213C406,2.15,2.51,1,36.0,16.74%,1,1.0,1.0
95,2/13/2023 9:39:06 ,2/13/2023 9:39:12 ,SPY 230213P408,1.03,0.99,2,-8.0,-3.88%,0,2.0,2.0
96,2/13/2023 10:00:58 ,2/13/2023 10:04:17 ,SPY 230215P410,4.02,4.01,1,-1.0,-0.25%,0,1.0,1.0
97,2/14/2023 9:44:45 ,2/14/2023 9:45:01 ,SPY 230215P410,2.02,1.95,2,-14.0,-3.47%,0,2.0,2.0
98,2/15/2023 9:34:35 ,2/15/2023 9:35:44 ,SPY 230216P410,1.8,1.75,2,-10.0,-2.78%,0,2.0,2.0
99,2/15/2023 10:17:11 ,2/15/2023 10:17:25 ,SPY 230216P410,1.75,1.66,1,-9.0,-5.14%,0,1.0,1.0
100,2/16/2023 9:32:16 ,2/16/2023 9:32:36 ,SPY 230217P409,2.08,2.15,1,7.0,3.37%,1,1.0,1.0
101,2/16/2023 9:32:16 ,2/16/2023 9:36:35 ,SPY 230217P409,2.08,2.53,1,45.0,21.63%,1,1.0,1.0
102,2/17/2023 9:46:13 ,2/17/2023 9:47:01 ,SPY 230217C405,1.61,1.69,1,8.0,4.97%,1,1.0,1.0
103,2/17/2023 9:46:13 ,2/17/2023 9:47:47 ,SPY 230217C405,1.61,1.83,1,22.0,13.66%,1,1.0,1.0
104,2/17/2023 9:51:22 ,2/17/2023 9:52:12 ,SPY 230217C405,1.58,1.53,2,-10.0,-3.16%,0,2.0,2.0
105,2/17/2023 10:02:47 ,2/17/2023 10:03:43 ,SPY 230221P403,1.81,1.68,2,-26.0,-7.18%,0,2.0,2.0
106,2/21/2023 9:30:49 ,2/21/2023 9:32:04 ,SPY 230222P403,2.07,2.18,1,11.0,5.31%,1,1.0,1.0
107,2/21/2023 9:30:49 ,2/21/2023 9:32:19 ,SPY 230222P403,2.07,2.09,1,2.0,0.97%,1,1.0,1.0
108,2/21/2023 9:53:46 ,2/21/2023 9:56:10 ,SPY 230222P403,2.14,2.3,1,16.0,7.48%,1,1.0,1.0
109,2/21/2023 9:53:46 ,2/21/2023 9:56:29 ,SPY 230222P403,2.14,2.43,1,29.0,13.55%,1,1.0,1.0
110,2/22/2023 9:41:11 ,2/22/2023 9:41:31 ,SPY 230222P400,1.61,1.52,2,-17.0,-5.28%,0,2.0,2.0
111,2/23/2023 9:37:17 ,2/23/2023 9:38:11 ,SPY 230224C402,1.79,1.72,2,-14.0,-3.91%,0,2.0,2.0
112,2/24/2023 10:08:16 ,2/24/2023 10:09:39 ,SPY 230227C396,1.86,1.84,2,-4.0,-1.08%,0,2.0,2.0
113,2/24/2023 10:37:25 ,2/24/2023 10:37:41 ,SPY 230227C395,2.01,1.95,2,-12.0,-2.99%,0,2.0,2.0
114,2/27/2023 9:53:40 ,2/27/2023 9:55:05 ,SPY 230228P399,1.6,1.59,2,-2.0,-0.62%,0,2.0,2.0
115,2/27/2023 10:09:31 ,2/27/2023 10:11:59 ,SPY 230228P401,1.86,1.94,1,8.0,4.30%,1,1.0,1.0
116,2/27/2023 10:09:31 ,2/27/2023 10:13:26 ,SPY 230228P401,1.86,1.89,1,3.0,1.61%,1,1.0,1.0
117,2/27/2023 10:31:00 ,2/27/2023 10:33:31 ,SPY 230228C401,1.78,1.76,1,-2.0,-1.12%,0,1.0,1.0
118,2/27/2023 10:34:30 ,2/27/2023 10:35:43 ,SPY 230228C401,1.73,1.67,2,-11.0,-3.19%,0,2.0,2.0
119,2/28/2023 9:31:45 ,2/28/2023 9:32:25 ,SPY 230301C397,2.11,2.04,2,-14.0,-3.32%,0,2.0,2.0
120,3/1/2023 09:32:24,3/1/2023 09:32:44,SPY 230302P395,1.74,1.68,2,-12.0,-3.45%,0,2.0,2.0
121,3/2/2023 09:36:30,3/2/2023 09:37:29,SPY 230303C393,1.97,1.9,2,-14.0,-3.55%,0,2.0,2.0
122,3/6/2023 09:48:11,3/6/2023 09:50:23,SPY 230307C406,2.02,2.0,2,-4.0,-0.99%,0,2.0,2.0
123,3/6/2023 10:17:21,3/6/2023 10:17:52,SPY 230307P406,2.08,2.03,2,-10.0,-2.40%,0,2.0,2.0
124,3/7/2023 09:51:31,3/7/2023 09:55:39,SPY 230308P404,2.05,2.05,2,0.0,0.00%,1,2.0,2.0
125,3/7/2023 10:23:47,3/7/2023 10:24:35,SPY 230308P402,1.95,2.03,1,8.0,4.10%,1,1.0,1.0
126,3/7/2023 10:23:47,3/7/2023 10:24:52,SPY 230308P402,1.95,2.17,1,22.0,11.28%,1,1.0,1.0
127,3/7/2023 10:35:25,3/7/2023 10:35:49,SPY 230308P403,2.09,1.99,1,-10.0,-4.78%,0,1.0,1.0
128,3/8/2023 09:48:44,3/8/2023 09:49:02,SPY 230309P398,1.82,1.75,2,-14.0,-3.85%,0,2.0,2.0
129,3/9/2023 09:32:46,3/9/2023 09:34:03,SPY 230310C400,2.45,2.68,1,23.0,9.39%,1,1.0,1.0
130,3/9/2023 09:32:46,3/9/2023 09:34:27,SPY 230310C400,2.45,2.77,1,32.0,13.06%,1,1.0,1.0
131,3/9/2023 09:48:22,3/9/2023 09:48:54,SPY 230310P401,2.64,2.56,2,-16.0,-3.03%,0,2.0,2.0
132,3/10/2023 09:35:22,3/10/2023 09:35:29,SPY 230313C391,2.35,2.25,2,-21.0,-4.47%,0,2.0,2.0
133,3/13/2023 8:47:34 ,3/13/2023 8:47:40 ,SPY 230313P382,2.43,2.27,2,-32.0,-6.58%,0,2.0,2.0
134,3/14/2023 8:31:35 ,3/14/2023 8:31:47 ,SPY 230315P390,2.73,2.85,1,12.0,4.40%,1,1.0,1.0
135,3/14/2023 8:31:35 ,3/14/2023 8:32:01 ,SPY 230315P390,2.73,2.72,1,-1.0,-0.37%,0,1.0,1.0
136,3/14/2023 8:37:35 ,3/14/2023 8:37:50 ,SPY 230315P390,2.46,2.36,1,-10.0,-4.07%,0,1.0,1.0
137,3/14/2023 8:38:17 ,3/14/2023 8:39:11 ,SPY 230315P390,2.43,2.37,2,-12.0,-2.47%,0,2.0,2.0
138,3/15/2023 8:34:26 ,3/15/2023 8:34:39 ,SPY 230315P385,1.59,1.5,2,-18.0,-5.66%,0,2.0,2.0
139,3/20/2023 8:33:45 ,3/20/2023 8:33:59 ,SPY 230321P391,2.64,2.48,1,-16.0,-6.06%,0,1.0,1.0
140,3/20/2023 8:36:31 ,3/20/2023 8:36:41 ,SPY 230321C391,2.82,2.71,1,-11.0,-3.90%,0,1.0,1.0
141,3/21/2023 8:32:37 ,3/21/2023 8:34:06 ,AAPL 230324P157.5,1.84,1.82,1,-2.0,-1.09%,0,1.0,1.0
142,3/21/2023 8:41:02 ,3/21/2023 8:44:31 ,AAPL 230324C157.5,2.24,2.25,1,1.0,0.45%,1,1.0,1.0
143,3/21/2023 8:48:05 ,3/21/2023 8:48:14 ,AAPL 230324C157.5,2.24,2.19,1,-5.0,-2.23%,0,1.0,1.0
144,3/21/2023 8:53:38 ,3/21/2023 8:54:08 ,AAPL 230324P157.5,2.15,2.1,1,-5.0,-2.33%,0,1.0,1.0
145,3/21/2023 8:54:35 ,3/21/2023 8:55:10 ,AAPL 230324P157.5,2.1,2.06,1,-4.0,-1.90%,0,1.0,1.0
146,3/22/2023 9:03:55 ,3/22/2023 9:04:38 ,AAPL 230331C160,2.62,2.59,1,-3.0,-1.15%,0,1.0,1.0
147,3/22/2023 9:05:18 ,3/22/2023 9:05:40 ,AAPL 230331C160,2.61,2.54,1,-7.0,-2.68%,0,1.0,1.0
148,3/22/2023 9:10:16 ,3/22/2023 9:36:01 ,AAPL 230331C160,2.4,2.87,1,47.0,19.58%,1,1.0,1.0
149,3/22/2023 9:52:42 ,3/22/2023 10:00:57 ,SPY 230323C400,3.09,3.03,1,-6.0,-1.94%,0,1.0,1.0
150,3/22/2023 10:01:19 ,3/22/2023 10:03:40 ,SPY 230323C400,3.07,3.05,1,-2.0,-0.65%,0,1.0,1.0
151,3/22/2023 10:05:10 ,3/22/2023 10:07:26 ,SPY 230323C400,3.01,3.01,1,0.0,0.00%,1,1.0,1.0
152,3/22/2023 10:09:05 ,3/22/2023 10:09:39 ,SPY 230323C399,3.48,3.44,1,-4.0,-1.15%,0,1.0,1.0
153,3/22/2023 10:10:20 ,3/22/2023 10:12:13 ,SPY 230323C399,3.45,3.42,1,-3.0,-0.87%,0,1.0,1.0
154,3/23/2023 8:46:20 ,3/23/2023 8:46:26 ,SPY 230324P396,2.33,2.31,1,-2.0,-0.86%,0,1.0,1.0
155,3/23/2023 9:00:27 ,3/23/2023 9:01:04 ,SPY 230324P396,2.25,2.17,1,-8.0,-3.56%,0,1.0,1.0
156,3/23/2023 9:02:10 ,3/23/2023 9:05:27 ,SPY 230324P396,2.17,2.31,1,14.0,6.45%,1,1.0,1.0
157,3/23/2023 9:20:41 ,3/23/2023 9:21:41 ,SPY 230324C397,2.14,2.09,1,-5.0,-2.34%,0,1.0,1.0
158,3/23/2023 9:36:24 ,3/23/2023 9:38:31 ,SPY 230324P396,2.08,2.0,1,-8.0,-3.85%,0,1.0,1.0
159,3/23/2023 9:45:39 ,3/23/2023 9:46:02 ,SPY 230324P397,2.13,1.95,1,-18.0,-8.45%,0,1.0,1.0
160,3/27/2023 8:31:21 ,3/27/2023 8:31:30 ,SPY 230328C399,1.71,1.68,1,-3.0,-1.75%,0,1.0,1.0
161,3/27/2023 8:32:01 ,3/27/2023 8:32:05 ,SPY 230328C399,1.71,1.66,1,-5.0,-2.92%,0,1.0,1.0
162,3/27/2023 8:41:49 ,3/27/2023 8:42:02 ,SPY 230328P398,2.11,2.03,1,-8.0,-3.79%,0,1.0,1.0
163,3/27/2023 8:42:36 ,3/27/2023 8:42:48 ,SPY 230328P398,2.02,2.01,1,-1.0,-0.50%,0,1.0,1.0
164,3/27/2023 8:44:27 ,3/27/2023 8:44:48 ,SPY 230328P398,1.99,1.95,1,-4.0,-2.01%,0,1.0,1.0
165,3/27/2023 8:46:43 ,3/27/2023 8:47:02 ,SPY 230328P398,1.84,1.79,1,-5.0,-2.72%,0,1.0,1.0
166,3/28/2023 8:31:55 ,3/28/2023 8:32:03 ,SPY 230329C396,1.88,1.82,1,-6.0,-3.19%,0,1.0,1.0
167,3/28/2023 8:32:15 ,3/28/2023 8:32:39 ,SPY 230329C396,1.86,1.76,1,-10.0,-5.38%,0,1.0,1.0
168,3/28/2023 8:40:35 ,3/28/2023 8:40:56 ,SPY 230329P395,1.83,1.79,1,-4.0,-2.19%,0,1.0,1.0
169,3/28/2023 8:46:05 ,3/28/2023 8:49:01 ,SPY 230329P395,1.68,1.76,1,8.0,4.76%,1,1.0,1.0
170,3/28/2023 8:52:31 ,3/28/2023 8:52:36 ,SPY 230329P395,1.87,1.83,1,-4.0,-2.14%,0,1.0,1.0
171,3/28/2023 8:52:39 ,3/28/2023 8:52:55 ,SPY 230329P395,1.85,1.81,1,-4.0,-2.16%,0,1.0,1.0
172,3/28/2023 8:54:06 ,3/28/2023 8:55:02 ,SPY 230329P395,1.69,1.63,1,-6.0,-3.55%,0,1.0,1.0
173,4/3/2023 08:36:10,4/3/2023 08:36:23,AAPL 230406P165,1.29,1.23,1,-6.0,-4.65%,0,1.0,1.0
174,4/3/2023 08:37:02,4/3/2023 08:38:26,AAPL 230406P165,1.22,1.19,1,-3.0,-2.46%,0,1.0,1.0
175,4/3/2023 08:48:09,4/3/2023 08:48:27,SPY 230404P410,1.7,1.66,1,-4.0,-2.35%,0,1.0,1.0
176,4/3/2023 08:49:01,4/3/2023 08:50:01,SPY 230404P410,1.66,1.57,1,-9.0,-5.42%,0,1.0,1.0
177,4/3/2023 08:50:17,4/3/2023 08:52:09,SPY 230404P410,1.63,1.58,1,-5.0,-3.07%,0,1.0,1.0
178,4/4/2023 08:45:22,4/4/2023 08:52:58,SPY 230405C411,1.56,1.65,1,9.0,5.77%,1,1.0,1.0
179,4/4/2023 09:48:26,4/4/2023 09:49:50,SPY 230405C410,1.66,1.61,1,-5.0,-3.01%,0,1.0,1.0
180,4/4/2023 09:50:11,4/4/2023 09:53:28,SPY 230405C410,1.68,1.56,1,-12.0,-7.14%,0,1.0,1.0
181,4/4/2023 09:53:51,4/4/2023 09:57:15,SPY 230405C410,1.62,1.67,1,5.0,3.09%,1,1.0,1.0
182,4/5/2023 08:33:27,4/5/2023 08:41:43,SPY 230406P408,1.6,1.66,1,6.0,3.75%,1,1.0,1.0
183,4/5/2023 08:48:11,4/5/2023 08:50:19,SPY 230406P408,1.57,1.59,1,2.0,1.27%,1,1.0,1.0
184,4/5/2023 08:52:57,4/5/2023 08:53:05,SPY 230406P408,1.51,1.43,1,-8.0,-5.30%,0,1.0,1.0
185,4/5/2023 09:08:01,4/5/2023 09:09:25,SPY 230406C407.5,1.66,1.67,1,1.0,0.60%,1,1.0,1.0
186,4/5/2023 09:12:22,4/5/2023 09:13:02,SPY 230406C407.5,1.62,1.61,1,-1.0,-0.62%,0,1.0,1.0
187,4/5/2023 09:13:06,4/5/2023 09:13:20,SPY 230406C407.5,1.63,1.58,1,-5.0,-3.07%,0,1.0,1.0
188,4/5/2023 09:13:40,4/5/2023 09:14:11,SPY 230406C407.5,1.65,1.66,1,1.0,0.61%,1,1.0,1.0
189,4/5/2023 09:23:21,4/5/2023 09:23:58,SPY 230406P407.5,1.44,1.41,1,-3.0,-2.08%,0,1.0,1.0
190,4/5/2023 09:24:26,4/5/2023 09:24:33,SPY 230406P408,1.58,1.51,1,-7.0,-4.43%,0,1.0,1.0
191,4/10/2023 08:43:02,4/10/2023 08:43:48,SPY 230411P406,1.41,1.33,1,-8.0,-5.67%,0,1.0,1.0
192,4/10/2023 08:44:45,4/10/2023 08:46:31,AAPL 230414C162.5,1.28,1.21,1,-7.0,-5.47%,0,1.0,1.0
193,4/10/2023 09:02:55,4/10/2023 09:04:02,SPY 230411P406,1.45,1.4,1,-5.0,-3.45%,0,1.0,1.0
194,4/10/2023 09:14:21,4/10/2023 09:25:49,AAPL 230414P160,1.64,1.67,1,3.0,1.83%,1,1.0,1.0
195,4/10/2023 09:29:00,4/10/2023 09:41:00,SPY 230411C407,1.41,1.65,1,24.0,17.02%,1,1.0,1.0
196,4/10/2023 09:43:15,4/10/2023 09:44:17,AAPL 230414P160,1.64,1.59,1,-5.0,-3.05%,0,1.0,1.0
197,4/11/2023 08:31:10,4/11/2023 08:31:17,SPY 230412C410,2.17,2.11,1,-6.0,-2.76%,0,1.0,1.0
198,4/11/2023 08:31:51,4/11/2023 08:32:41,AAPL 230414C162.5,1.43,1.37,1,-6.0,-4.20%,0,1.0,1.0
199,4/11/2023 08:40:43,4/11/2023 08:41:12,AAPL 230414C162.5,1.3,1.24,1,-6.0,-4.62%,0,1.0,1.0
200,4/11/2023 08:42:26,4/11/2023 08:43:23,SPY 230412P410,2.42,2.32,1,-10.0,-4.13%,0,1.0,1.0
201,4/12/2023 08:30:22,4/12/2023 08:30:50,SPY 230413C412,1.88,1.78,1,-10.0,-5.32%,0,1.0,1.0
202,4/12/2023 08:32:43,4/12/2023 08:32:48,SPY 230413P412,1.77,1.72,1,-5.0,-2.82%,0,1.0,1.0
203,4/12/2023 08:32:58,4/12/2023 08:33:43,SPY 230413P412,1.75,1.73,1,-2.0,-1.14%,0,1.0,1.0
204,4/12/2023 08:33:50,4/12/2023 08:36:36,SPY 230413P412,1.76,1.82,1,6.0,3.41%,1,1.0,1.0
205,4/12/2023 08:38:18,4/12/2023 08:38:31,SPY 230413P412,1.79,1.72,1,-7.0,-3.91%,0,1.0,1.0
206,4/12/2023 09:03:47,4/12/2023 09:04:31,SPY 230413P411,1.69,1.68,1,-1.0,-0.59%,0,1.0,1.0
207,4/12/2023 09:04:49,4/12/2023 09:05:53,SPY 230413P411,1.68,1.69,1,1.0,0.60%,1,1.0,1.0
208,4/12/2023 09:06:25,4/12/2023 09:08:05,SPY 230413P411,1.61,1.51,1,-10.0,-6.21%,0,1.0,1.0
209,4/14/2023 12:53:36 PM,4/14/2023 2:52:39 PM,BA 230414C202.5,0.07,0.05,1,-2.0,-28.57%,0,1.0,76.0
210,4/17/2023 8:33:38 ,4/17/2023 8:34:32 ,SPY 230418P412,1.2,1.21,1,1.0,0.83%,1,1.0,1.0
211,4/17/2023 8:36:01 ,4/17/2023 8:36:12 ,SPY 230418P412,1.19,1.13,1,-6.0,-5.04%,0,1.0,1.0
212,4/17/2023 8:45:07 ,4/17/2023 8:49:14 ,SPY 230418P412,1.08,1.17,1,9.0,8.33%,1,1.0,1.0
213,4/17/2023 9:01:48 ,4/17/2023 9:12:41 ,AAPL 230421P165,1.58,1.76,1,18.0,11.39%,1,1.0,1.0
214,4/17/2023 9:14:04 ,4/17/2023 9:15:13 ,SPY 230418P412,1.17,1.11,1,-6.0,-5.13%,0,1.0,1.0
215,4/17/2023 9:17:52 ,4/17/2023 9:29:34 ,SPY 230418C413,1.36,1.39,1,3.0,2.21%,1,1.0,1.0
216,4/17/2023 9:34:22 ,4/17/2023 9:34:53 ,SPY 230418C413,1.3,1.33,1,3.0,2.31%,1,1.0,1.0
217,4/17/2023 9:36:46 ,4/17/2023 9:37:35 ,SPY 230418C413,1.29,1.23,1,-6.0,-4.65%,0,1.0,1.0
218,4/18/2023 8:48:02 ,4/18/2023 8:48:19 ,SPY 230419P415,1.15,1.11,1,-4.0,-3.48%,0,1.0,1.0
219,4/18/2023 8:49:35 ,4/18/2023 8:58:56 ,SPY 230419P415,1.14,1.49,1,35.0,30.70%,1,1.0,1.0
220,4/18/2023 9:10:44 ,4/18/2023 9:11:12 ,AAPL 230421C167.5,1.02,0.96,1,-6.0,-5.88%,0,1.0,1.0
221,4/18/2023 9:11:34 ,4/18/2023 9:12:16 ,AAPL 230421C167.5,0.94,0.9,1,-4.0,-4.26%,0,1.0,1.0
222,4/18/2023 9:12:39 ,4/18/2023 9:20:24 ,AAPL 230421C167.5,0.9,0.95,1,5.0,5.56%,1,1.0,1.0
223,4/18/2023 9:25:26 ,4/18/2023 9:25:30 ,AAPL 230428C167.5,1.84,1.77,1,-7.0,-3.80%,0,1.0,1.0
224,4/18/2023 9:45:07 ,4/18/2023 9:51:59 ,AAPL 230428P165,1.69,1.72,1,3.0,1.78%,1,1.0,1.0
225,4/18/2023 10:02:21 ,4/18/2023 10:04:42 ,SPY 230420C414,1.7,1.61,1,-9.0,-5.29%,0,1.0,1.0
226,4/19/2023 9:40:18 ,4/19/2023 9:40:46 ,SPY 230421C413,2.17,2.13,1,-4.0,-1.84%,0,1.0,1.0
227,4/19/2023 9:40:53 ,4/19/2023 9:43:04 ,SPY 230421P413,1.66,1.68,1,2.0,1.20%,1,1.0,1.0
228,4/19/2023 9:45:12 ,4/19/2023 9:52:14 ,SPY 230421P413,1.54,1.59,1,5.0,3.25%,1,1.0,1.0
229,4/19/2023 9:53:12 ,4/19/2023 9:55:49 ,SPY 230421P413,1.62,1.63,1,1.0,0.62%,1,1.0,1.0
230,4/19/2023 9:57:05 ,4/19/2023 10:00:14 ,SPY 230421P413,1.64,1.58,1,-6.0,-3.66%,0,1.0,1.0
231,4/19/2023 10:00:41 ,4/19/2023 10:01:10 ,SPY 230421P413,1.61,1.58,1,-3.0,-1.86%,0,1.0,1.0
232,4/19/2023 10:02:33 ,4/19/2023 10:04:17 ,SPY 230421P413,1.56,1.58,1,2.0,1.28%,1,1.0,1.0
233,4/20/2023 8:30:49 ,4/20/2023 8:30:59 ,SPY 230424P411,2.0,1.95,1,-5.0,-2.50%,0,1.0,1.0
234,4/20/2023 8:31:04 ,4/20/2023 8:31:29 ,SPY 230424P411,2.0,1.95,1,-5.0,-2.50%,0,1.0,1.0
235,4/20/2023 8:31:47 ,4/20/2023 8:32:18 ,SPY 230424P411,2.0,1.93,1,-7.0,-3.50%,0,1.0,1.0
236,4/20/2023 8:55:59 ,4/20/2023 8:56:06 ,TSLA 230421C170,1.81,1.67,1,-14.0,-7.73%,0,1.0,1.0
237,4/26/2023 8:49:22 ,4/26/2023 8:49:31 ,SPY 230427P407,1.81,1.74,1,-7.0,-3.87%,0,1.0,1.0
238,4/26/2023 8:51:17 ,4/26/2023 8:52:01 ,SPY 230427P407,1.72,1.69,1,-3.0,-1.74%,0,1.0,1.0
239,4/26/2023 8:53:12 ,4/26/2023 8:53:18 ,SPY 230427P407,1.7,1.65,1,-5.0,-2.94%,0,1.0,1.0
240,4/26/2023 8:53:24 ,4/26/2023 8:57:36 ,SPY 230427P407,1.68,1.88,1,20.0,11.90%,1,1.0,1.0
241,4/26/2023 9:03:15 ,4/26/2023 9:05:22 ,SPY 230427P406,1.33,1.35,1,2.0,1.50%,1,1.0,1.0
242,4/26/2023 9:05:53 ,4/26/2023 9:06:02 ,SPY 230427P406,1.31,1.26,1,-5.0,-3.82%,0,1.0,1.0
243,4/26/2023 9:06:05 ,4/26/2023 9:07:13 ,SPY 230427P406,1.3,1.25,1,-5.0,-3.85%,0,1.0,1.0
244,4/26/2023 9:12:29 ,4/26/2023 9:13:47 ,MSFT 230428P295,2.83,2.86,1,3.0,1.06%,1,1.0,1.0
245,4/26/2023 9:17:47 ,4/26/2023 9:19:27 ,MSFT 230428P295,2.6,3.17,1,57.0,21.92%,1,1.0,1.0
246,4/27/2023 8:43:49 ,4/27/2023 8:44:22 ,SPY 230428C407,1.66,1.66,1,0.0,0.00%,1,1.0,1.0
247,4/27/2023 8:45:37 ,4/27/2023 8:47:24 ,SPY 230428C407,1.64,1.66,1,2.0,1.22%,1,1.0,1.0
248,4/27/2023 8:48:11 ,4/27/2023 8:49:39 ,SPY 230428P407,1.65,1.59,1,-6.0,-3.64%,0,1.0,1.0
249,4/27/2023 8:49:52 ,4/27/2023 8:49:58 ,SPY 230428P407,1.59,1.55,1,-4.0,-2.52%,0,1.0,1.0
250,4/27/2023 8:55:44 ,4/27/2023 8:55:48 ,META 230428P240,3.65,3.55,1,-10.0,-2.74%,0,1.0,1.0
251,4/27/2023 8:56:55 ,4/27/2023 8:57:05 ,META 230428C240,3.05,2.93,1,-12.0,-3.93%,0,1.0,1.0
252,4/27/2023 9:53:11 ,4/27/2023 9:54:01 ,TSLA 230428C155,2.04,1.93,1,-11.0,-5.39%,0,1.0,1.0
253,4/28/2023 8:35:06 ,4/28/2023 8:37:53 ,TSLA 230505C160,3.82,4.08,1,26.0,6.81%,1,1.0,1.0
254,4/28/2023 8:38:30 ,4/28/2023 8:39:43 ,TSLA 230505C160,3.71,3.62,1,-9.0,-2.43%,0,1.0,1.0
255,4/28/2023 8:40:01 ,4/28/2023 8:40:33 ,TSLA 230505C160,3.68,3.6,1,-8.0,-2.17%,0,1.0,1.0
256,4/28/2023 8:40:37 ,4/28/2023 8:40:57 ,TSLA 230505C160,3.69,3.56,1,-13.0,-3.52%,0,1.0,1.0
257,4/28/2023 8:41:01 ,4/28/2023 8:41:26 ,TSLA 230505C160,3.75,3.6,1,-15.0,-4.00%,0,1.0,1.0
258,5/1/2023 09:00:23,5/1/2023 09:01:06,SPY 230502C416,1.34,1.35,1,1.0,0.75%,1,1.0,1.0
259,5/1/2023 09:04:00,5/1/2023 09:05:34,TSLA 230505P160,2.62,2.51,1,-11.0,-4.20%,0,1.0,1.0
260,5/1/2023 09:07:35,5/1/2023 09:10:30,SPY 230502C416,1.36,1.54,1,18.0,13.24%,1,1.0,1.0
261,5/1/2023 09:14:40,5/1/2023 09:15:01,TSLA 230505C162.5,3.71,3.62,1,-9.0,-2.43%,0,1.0,1.0
262,5/1/2023 09:15:07,5/1/2023 09:17:55,TSLA 230505C162.5,3.71,4.05,1,34.0,9.16%,1,1.0,1.0
263,5/1/2023 09:22:24,5/1/2023 09:24:05,SPY 230502C416,1.37,1.37,1,0.0,0.00%,1,1.0,1.0
264,5/1/2023 09:28:13,5/1/2023 09:28:47,TSLA 230505C162.5,3.65,3.45,1,-20.0,-5.48%,0,1.0,1.0
265,5/1/2023 09:28:53,5/1/2023 09:31:02,TSLA 230505C162.5,3.52,3.49,1,-3.0,-0.85%,0,1.0,1.0
266,5/1/2023 09:31:49,5/1/2023 09:31:58,TSLA 230505C162.5,3.45,3.36,1,-9.0,-2.61%,0,1.0,1.0
267,5/2/2023 08:58:55,5/2/2023 08:59:50,SPY 230503C414,1.95,1.97,1,2.0,1.03%,1,1.0,1.0
268,5/2/2023 09:05:11,5/2/2023 09:08:51,TSLA 230505C165,2.54,2.6,1,6.0,2.36%,1,1.0,1.0
269,5/2/2023 09:09:27,5/2/2023 09:09:41,TSLA 230505C165,2.38,2.31,1,-7.0,-2.94%,0,1.0,1.0
270,5/2/2023 09:09:59,5/2/2023 09:10:14,TSLA 230505C165,2.38,2.29,1,-9.0,-3.78%,0,1.0,1.0
271,5/2/2023 09:15:25,5/2/2023 09:15:33,TSLA 230505P162.5,2.71,2.61,1,-10.0,-3.69%,0,1.0,1.0
272,5/2/2023 09:15:47,5/2/2023 09:16:34,TSLA 230505P162.5,2.68,2.64,1,-4.0,-1.49%,0,1.0,1.0
273,5/2/2023 09:16:43,5/2/2023 09:17:27,TSLA 230505P162.5,2.69,2.69,1,0.0,0.00%,1,1.0,1.0
274,5/2/2023 09:18:55,5/2/2023 09:19:30,TSLA 230505P162.5,2.73,2.72,1,-1.0,-0.37%,0,1.0,1.0
275,5/2/2023 09:26:19,5/2/2023 09:26:33,TSLA 230505P162.5,2.6,2.54,1,-6.0,-2.31%,0,1.0,1.0
276,5/8/2023 08:33:15,5/8/2023 08:33:19,AAPL 230512P172.5,1.88,1.79,1,-9.0,-4.79%,0,1.0,1.0
277,5/8/2023 08:57:33,5/8/2023 08:58:26,TSLA 230512P170,2.79,2.75,1,-4.0,-1.43%,0,1.0,1.0
278,5/8/2023 09:01:04,5/8/2023 09:01:07,TSLA 230512P170,2.74,2.68,1,-6.0,-2.19%,0,1.0,1.0
279,5/8/2023 09:01:11,5/8/2023 09:04:06,TSLA 230512P170,2.74,2.72,1,-2.0,-0.73%,0,1.0,1.0
280,5/8/2023 09:04:33,5/8/2023 09:04:45,TSLA 230512P170,2.68,2.62,1,-6.0,-2.24%,0,1.0,1.0
281,5/8/2023 09:05:01,5/8/2023 09:05:33,TSLA 230512P170,2.66,2.6,1,-6.0,-2.26%,0,1.0,1.0
282,5/9/2023 08:43:18,5/9/2023 08:43:39,SPY 230510P411,1.7,1.77,1,7.0,4.12%,1,1.0,1.0
283,5/9/2023 08:43:18,5/9/2023 08:45:48,SPY 230510P411,1.7,1.69,1,-1.0,-0.59%,0,1.0,1.0
284,5/9/2023 09:00:28,5/9/2023 09:01:51,META 230512P230,1.7,1.63,2,-14.0,-4.12%,0,2.0,2.0
285,5/9/2023 09:02:13,5/9/2023 09:02:18,META 230512P230,1.62,1.6,2,-4.0,-1.23%,0,2.0,2.0
286,5/9/2023 09:02:38,5/9/2023 09:02:56,META 230512P230,1.61,1.56,2,-10.0,-3.11%,0,2.0,2.0
287,5/9/2023 09:13:22,5/9/2023 09:28:07,TSLA 230512C170,2.32,2.37,1,5.0,2.16%,1,1.0,1.0
288,5/16/2023 8:32:02 ,5/16/2023 8:32:12 ,TSLA 230519P165,2.88,2.78,1,-10.0,-3.47%,0,1.0,1.0
289,5/16/2023 8:32:17 ,5/16/2023 8:32:28 ,TSLA 230519P165,2.87,2.74,1,-13.0,-4.53%,0,1.0,1.0
290,5/16/2023 8:32:33 ,5/16/2023 8:33:40 ,TSLA 230519P165,2.8,2.82,1,2.0,0.71%,1,1.0,1.0
291,5/16/2023 8:34:12 ,5/16/2023 8:34:15 ,TSLA 230519P165,2.73,2.65,1,-8.0,-2.93%,0,1.0,1.0
292,5/16/2023 8:34:19 ,5/16/2023 8:35:43 ,TSLA 230519P165,2.74,2.78,1,4.0,1.46%,1,1.0,1.0
293,5/16/2023 8:38:56 ,5/16/2023 8:42:55 ,AAPL 230519P172.5,1.2,1.19,1,-1.0,-0.83%,0,1.0,1.0
294,5/16/2023 8:43:11 ,5/16/2023 8:43:13 ,AAPL 230519P172.5,1.17,1.14,1,-3.0,-2.56%,0,1.0,1.0
295,5/16/2023 8:45:13 ,5/16/2023 8:45:17 ,TSLA 230519P165,3.1,3.0,1,-10.0,-3.23%,0,1.0,1.0
296,5/17/2023 8:40:33 ,5/17/2023 8:40:45 ,TSLA 230519P167.5,2.21,2.12,1,-9.0,-4.07%,0,1.0,1.0
297,5/17/2023 8:43:31 ,5/17/2023 8:45:13 ,QQQ 230518C328,1.46,1.45,1,-1.0,-0.68%,0,1.0,1.0
298,5/17/2023 8:59:28 ,5/17/2023 8:59:43 ,AMZN 230519C115,1.46,1.41,2,-10.0,-3.42%,0,2.0,2.0
299,5/17/2023 9:04:47 ,5/17/2023 9:05:34 ,AMZN 230519C115,1.27,1.22,1,-5.0,-3.94%,0,1.0,1.0
300,5/22/2023 8:49:21 ,5/22/2023 8:51:01 ,SPY 230523P419,1.31,1.26,1,-5.0,-3.82%,0,1.0,1.0
301,5/22/2023 9:05:05 ,5/22/2023 9:05:36 ,TSLA 230526P180,2.31,2.24,1,-7.0,-3.03%,0,1.0,1.0
302,5/22/2023 9:05:41 ,5/22/2023 9:06:01 ,TSLA 230526P180,2.29,2.24,1,-5.0,-2.18%,0,1.0,1.0
303,5/22/2023 9:11:46 ,5/22/2023 9:13:45 ,MSFT 230526P320,2.56,2.54,1,-2.0,-0.78%,0,1.0,1.0
304,5/22/2023 9:26:32 ,5/22/2023 9:28:38 ,TSLA 230526C185,3.53,3.51,1,-2.0,-0.57%,0,1.0,1.0
305,5/22/2023 9:31:52 ,5/22/2023 9:32:23 ,AMD 230526P108,2.12,2.05,1,-7.0,-3.30%,0,1.0,1.0
306,5/22/2023 9:32:53 ,5/22/2023 9:36:29 ,AMD 230526P108,2.1,2.06,1,-4.0,-1.90%,0,1.0,1.0
307,5/23/2023 8:38:53 ,5/23/2023 8:39:24 ,TSLA 230526C190,2.67,3.0,1,33.0,12.36%,1,1.0,1.0
308,5/23/2023 8:47:25 ,5/23/2023 8:48:04 ,META 230526C250,3.08,3.0,1,-8.0,-2.60%,0,1.0,1.0
309,5/23/2023 8:58:27 ,5/23/2023 8:59:36 ,TSLA 230526P190,3.35,3.34,1,-1.0,-0.30%,0,1.0,1.0
310,5/23/2023 9:00:18 ,5/23/2023 9:00:54 ,TSLA 230526P190,3.5,3.5,1,0.0,0.00%,1,1.0,1.0
311,5/23/2023 9:05:05 ,5/23/2023 9:05:20 ,AMZN 230526P115,1.25,1.19,1,-6.0,-4.80%,0,1.0,1.0
312,5/23/2023 9:06:37 ,5/23/2023 9:08:12 ,TSLA 230526P190,3.55,3.35,1,-20.0,-5.63%,0,1.0,1.0
313,5/24/2023 8:36:18 ,5/24/2023 8:36:29 ,TSLA 230526C185,2.08,1.99,1,-9.0,-4.33%,0,1.0,1.0
314,5/24/2023 8:44:44 ,5/24/2023 8:44:53 ,TSLA 230526C185,1.99,1.85,1,-14.0,-7.04%,0,1.0,1.0
315,5/24/2023 8:56:08 ,5/24/2023 8:57:02 ,QQQ 230526P331,2.02,2.0,1,-2.0,-0.99%,0,1.0,1.0
316,5/24/2023 8:59:41 ,5/24/2023 9:00:18 ,TSLA 230526P180,3.15,3.15,1,0.0,0.00%,1,1.0,1.0
317,5/24/2023 9:14:33 ,5/24/2023 9:14:44 ,TSLA 230526P177.5,2.45,2.39,1,-6.0,-2.45%,0,1.0,1.0
318,5/24/2023 9:37:33 ,5/24/2023 9:38:57 ,TSLA 230526C180,2.92,3.14,1,22.0,7.53%,1,1.0,1.0
319,5/30/2023 8:35:38 ,5/30/2023 8:36:12 ,QQQ 230531C353,2.15,1.96,1,-19.0,-8.84%,0,1.0,1.0
320,5/30/2023 8:37:21 ,5/30/2023 8:37:24 ,QQQ 230531C353,2.19,2.16,1,-3.0,-1.37%,0,1.0,1.0
321,5/30/2023 8:37:35 ,5/30/2023 8:37:39 ,QQQ 230531P352,2.05,2.01,1,-4.0,-1.95%,0,1.0,1.0
322,5/30/2023 8:40:44 ,5/30/2023 8:40:52 ,SPY 230531P422,1.75,1.71,1,-4.0,-2.29%,0,1.0,1.0
323,5/30/2023 8:40:55 ,5/30/2023 8:41:45 ,SPY 230531P422,1.76,1.77,1,1.0,0.57%,1,1.0,1.0
324,5/30/2023 8:43:48 ,5/30/2023 8:44:02 ,TSLA 230602C205,4.7,4.7,1,0.0,0.00%,1,1.0,1.0
325,5/30/2023 8:45:24 ,5/30/2023 8:46:28 ,TSLA 230602P200,4.2,4.18,1,-2.0,-0.48%,0,1.0,1.0
326,5/30/2023 8:55:30 ,5/30/2023 8:57:41 ,AAPL 230602P177.5,1.64,1.6,1,-4.0,-2.44%,0,1.0,1.0
327,5/31/2023 8:31:04 ,5/31/2023 8:31:36 ,AMZN 230602P121,1.29,1.23,1,-6.0,-4.65%,0,1.0,1.0
328,5/31/2023 8:49:04 ,5/31/2023 8:50:02 ,TSLA 230602C205,3.22,3.16,1,-6.0,-1.86%,0,1.0,1.0
329,5/31/2023 8:50:04 ,5/31/2023 8:50:52 ,TSLA 230602C205,3.2,3.14,1,-6.0,-1.88%,0,1.0,1.0
330,5/31/2023 8:50:55 ,5/31/2023 8:51:32 ,TSLA 230602C205,3.25,3.15,1,-10.0,-3.08%,0,1.0,1.0
331,5/31/2023 9:02:24 ,5/31/2023 9:05:40 ,TSLA 230602P200,4.16,4.5,1,34.0,8.17%,1,1.0,1.0
332,5/31/2023 9:21:50 ,5/31/2023 9:22:10 ,AMZN 230602P121,1.62,1.61,1,-1.0,-0.62%,0,1.0,1.0
333,5/31/2023 9:22:34 ,5/31/2023 9:24:15 ,AMZN 230602P121,1.66,1.94,1,28.0,16.87%,1,1.0,1.0
334,5/31/2023 9:26:13 ,5/31/2023 9:26:32 ,AMD 230602C122,1.96,1.93,1,-3.0,-1.53%,0,1.0,1.0
335,6/7/2023 08:30:39,6/7/2023 08:30:56,TSLA 230609C230,3.3,3.8,1,50.0,15.15%,1,1.0,1.0
336,6/7/2023 08:33:32,6/7/2023 08:33:37,TSLA 230609C230,3.55,3.4,1,-15.0,-4.23%,0,1.0,1.0
337,6/7/2023 08:57:55,6/7/2023 08:59:04,TSLA 230609P225,2.33,2.53,1,20.5,8.82%,1,1.0,1.0
338,6/7/2023 08:57:55,6/7/2023 09:00:08,TSLA 230609P225,2.33,2.32,1,-0.5,-0.22%,0,1.0,1.0
339,6/7/2023 09:13:02,6/7/2023 09:14:01,TSLA 230609P225,1.98,2.13,1,15.0,7.58%,1,1.0,1.0
340,6/7/2023 09:13:02,6/7/2023 09:14:10,TSLA 230609P225,1.98,1.99,1,1.0,0.51%,1,1.0,1.0
341,6/7/2023 09:18:22,6/7/2023 09:18:43,TSLA 230609P225,1.97,2.06,1,9.0,4.57%,1,1.0,1.0
342,6/8/2023 08:35:10,6/8/2023 08:35:13,TSLA 230609C225,3.25,3.08,1,-17.0,-5.23%,0,1.0,1.0
343,6/8/2023 08:35:21,6/8/2023 08:35:44,TSLA 230609C225,3.3,3.65,1,35.0,10.61%,1,1.0,1.0
344,6/8/2023 08:44:17,6/8/2023 08:45:18,TSLA 230609P225,2.78,2.84,1,6.0,2.16%,1,1.0,1.0
345,6/8/2023 08:45:37,6/8/2023 08:47:02,TSLA 230609P225,2.76,2.87,1,11.0,3.99%,1,1.0,1.0
346,6/8/2023 08:47:42,6/8/2023 08:49:21,TSLA 230609C230,1.93,2.1,1,17.0,8.81%,1,1.0,1.0
347,6/8/2023 08:54:15,6/8/2023 08:54:21,TSLA 230609C230,1.93,1.8,2,-26.0,-6.74%,0,2.0,2.0
348,6/8/2023 08:59:35,6/8/2023 08:59:56,TSLA 230609P225,2.44,2.43,1,-1.0,-0.41%,0,1.0,1.0
349,6/12/2023 08:33:04,6/12/2023 08:33:21,TSLA 230616P240,4.05,3.82,1,-23.0,-5.68%,0,1.0,1.0
350,6/12/2023 08:39:03,6/12/2023 08:39:24,TSLA 230616P240,3.99,3.85,1,-14.0,-3.51%,0,1.0,1.0
351,6/12/2023 08:46:38,6/12/2023 08:49:32,TSLA 230616P240,4.0,4.15,1,15.0,3.75%,1,1.0,1.0
352,6/12/2023 08:51:55,6/12/2023 08:52:17,TSLA 230616P240,4.2,4.05,1,-15.0,-3.57%,0,1.0,1.0
353,6/12/2023 08:52:30,6/12/2023 08:52:38,TSLA 230616P240,4.12,4.07,1,-5.0,-1.21%,0,1.0,1.0
354,6/13/2023 8:33:17 ,6/13/2023 8:33:32 ,TSLA 230616C260,4.3,4.6,1,30.0,6.98%,1,1.0,1.0
355,6/13/2023 8:36:51 ,6/13/2023 8:37:11 ,TSLA 230616C260,4.45,4.28,1,-17.0,-3.82%,0,1.0,1.0
356,6/13/2023 8:37:27 ,6/13/2023 8:38:03 ,TSLA 230616C260,4.25,4.26,1,1.0,0.24%,1,1.0,1.0
357,6/13/2023 8:39:49 ,6/13/2023 8:40:46 ,TSLA 230616P250,4.42,4.6,1,18.0,4.07%,1,1.0,1.0
358,6/13/2023 8:44:58 ,6/13/2023 8:45:08 ,TSLA 230616P245,2.64,2.61,1,-3.0,-1.14%,0,1.0,1.0
359,6/14/2023 9:02:34 ,6/14/2023 9:03:12 ,TSLA 230616C260,4.4,4.3,1,-10.0,-2.27%,0,1.0,1.0
360,6/14/2023 9:26:24 ,6/14/2023 9:26:39 ,TSLA 230616C260,5.75,5.62,1,-13.0,-2.26%,0,1.0,1.0
361,6/14/2023 9:27:22 ,6/14/2023 9:27:46 ,TSLA 230616P255,3.3,3.21,1,-9.0,-2.73%,0,1.0,1.0
362,6/14/2023 9:30:45 ,6/14/2023 9:30:55 ,TSLA 230616P255,3.25,3.15,1,-10.0,-3.08%,0,1.0,1.0
363,6/20/2023 8:43:01 ,6/20/2023 8:45:12 ,TSLA 230623C270,5.19,5.08,1,-11.0,-2.12%,0,1.0,1.0
364,6/20/2023 8:47:07 ,6/20/2023 8:47:15 ,TSLA 230623C270,5.35,5.25,1,-10.0,-1.87%,0,1.0,1.0
365,6/20/2023 8:47:36 ,6/20/2023 8:47:43 ,TSLA 230623P260,4.64,4.44,1,-20.0,-4.31%,0,1.0,1.0
366,6/20/2023 8:54:08 ,6/20/2023 8:57:33 ,TSLA 230623P260,4.4,4.3,1,-10.0,-2.27%,0,1.0,1.0
367,6/22/2023 8:31:31 ,6/22/2023 8:31:33 ,TSLA 230623P250,4.1,3.85,1,-25.0,-6.10%,0,1.0,1.0
368,6/22/2023 8:31:40 ,6/22/2023 8:31:53 ,TSLA 230623P250,3.99,3.6,1,-39.0,-9.77%,0,1.0,1.0
369,6/22/2023 9:25:04 ,6/22/2023 9:25:11 ,TSLA 230623C260,4.35,4.21,1,-14.0,-3.22%,0,1.0,1.0
370,6/22/2023 9:25:41 ,6/22/2023 9:27:33 ,TSLA 230623C260,4.2,4.65,1,45.0,10.71%,1,1.0,1.0
371,6/22/2023 9:54:46 ,6/22/2023 9:54:48 ,TSLA 230623C260,3.27,3.2,1,-7.0,-2.14%,0,1.0,1.0
372,6/26/2023 8:35:18 ,6/26/2023 8:35:31 ,TSLA 230630P250,5.05,4.9,1,-15.0,-2.97%,0,1.0,1.0
373,6/26/2023 8:42:31 ,6/26/2023 8:42:34 ,TSLA 230630P250,5.37,5.35,1,-2.0,-0.37%,0,1.0,1.0
374,6/26/2023 8:42:42 ,6/26/2023 8:43:11 ,TSLA 230630P250,5.36,5.1,1,-26.0,-4.85%,0,1.0,1.0
375,6/26/2023 8:57:01 ,6/26/2023 8:57:05 ,TSLA 230630P250,3.84,3.77,1,-7.0,-1.82%,0,1.0,1.0
376,6/27/2023 8:42:55 ,6/27/2023 8:43:05 ,TSLA 230630P240,4.0,3.85,1,-15.0,-3.75%,0,1.0,1.0
377,6/27/2023 8:51:50 ,6/27/2023 8:51:55 ,TSLA 230630C245,6.42,6.4,1,-2.0,-0.31%,0,1.0,1.0
378,6/27/2023 8:56:10 ,6/27/2023 8:56:15 ,TSLA 230630P245,6.2,6.0,1,-20.0,-3.23%,0,1.0,1.0
379,7/5/2023 09:11:41,7/5/2023 09:11:45,TSLA 230707C290,1.75,1.68,2,-14.0,-4.00%,0,2.0,2.0
380,7/5/2023 09:25:47,7/5/2023 09:25:51,TSLA 230707C290,2.14,2.07,2,-14.0,-3.27%,0,2.0,2.0
381,7/5/2023 09:25:56,7/5/2023 09:26:07,TSLA 230707C290,2.09,2.03,2,-12.0,-2.87%,0,2.0,2.0
382,7/5/2023 09:26:16,7/5/2023 09:29:32,TSLA 230707C290,2.07,1.91,2,-32.0,-7.73%,0,2.0,2.0
383,7/10/2023 08:45:51,7/10/2023 08:46:14,TSLA 230714P260,1.75,1.66,2,-18.0,-5.14%,0,2.0,2.0
384,7/10/2023 09:01:37,7/10/2023 09:03:45,SPY 230714P439,2.3,2.22,2,-16.0,-3.48%,0,2.0,2.0
385,7/10/2023 09:05:36,7/10/2023 09:07:45,SPY 230714P439,2.18,2.16,2,-4.0,-0.92%,0,2.0,2.0
386,7/10/2023 09:08:50,7/10/2023 09:13:48,SPY 230714P439,2.09,2.2,1,11.0,5.26%,1,1.0,1.0
387,7/10/2023 09:08:50,7/10/2023 09:19:39,SPY 230714P439,2.09,2.18,1,9.0,4.31%,1,1.0,1.0
388,7/12/2023 08:39:01,7/12/2023 08:39:44,SPY 230714C447,1.65,1.58,2,-14.0,-4.24%,0,2.0,2.0
389,7/12/2023 08:44:42,7/12/2023 08:45:58,SPY 230714P446,1.56,1.52,1,-4.0,-2.56%,0,1.0,1.0
390,7/12/2023 08:48:50,7/12/2023 08:51:28,SPY 230714P446,1.39,1.33,2,-12.0,-4.32%,0,2.0,2.0
391,7/12/2023 09:03:46,7/12/2023 09:04:03,SPY 230714C447,1.77,1.71,2,-12.0,-3.39%,0,2.0,2.0
392,7/12/2023 09:06:16,7/12/2023 09:07:51,SPY 230714C447,1.73,1.66,2,-14.0,-4.05%,0,2.0,2.0
393,7/12/2023 09:13:41,7/12/2023 09:15:14,SPY 230714P447,1.62,1.55,1,-7.0,-4.32%,0,1.0,1.0
394,7/17/2023 8:34:17 ,7/17/2023 8:36:17 ,AAPL 230721P192.5,1.45,1.41,2,-8.0,-2.76%,0,2.0,2.0
395,7/17/2023 8:43:23 ,7/17/2023 8:43:46 ,AAPL 230721P192.5,1.27,1.24,2,-6.0,-2.36%,0,2.0,2.0
396,7/17/2023 9:02:55 ,7/17/2023 9:04:40 ,AMD 230721C115,1.82,1.9,1,8.0,4.40%,1,1.0,1.0
397,7/17/2023 9:02:55 ,7/17/2023 9:07:13 ,AMD 230721C115,1.82,2.04,1,22.0,12.09%,1,1.0,1.0
398,7/17/2023 9:10:23 ,7/17/2023 9:13:16 ,AMD 230721P113,1.97,1.99,2,4.0,1.02%,1,2.0,2.0
399,7/17/2023 9:13:36 ,7/17/2023 9:13:47 ,AMD 230721P113,1.92,1.85,2,-14.0,-3.65%,0,2.0,2.0
400,7/18/2023 8:35:31 ,7/18/2023 8:35:58 ,AMZN 230721C132,1.61,1.51,2,-20.0,-6.21%,0,2.0,2.0
401,7/18/2023 8:36:19 ,7/18/2023 8:37:21 ,AMZN 230721C132,1.57,1.73,1,16.0,10.19%,1,1.0,1.0
402,7/18/2023 8:36:19 ,7/18/2023 8:39:37 ,AMZN 230721C132,1.57,1.88,1,31.0,19.75%,1,1.0,1.0
403,7/18/2023 8:49:35 ,7/18/2023 8:50:06 ,AMZN 230721C132,1.82,1.8,2,-4.0,-1.10%,0,2.0,2.0
404,7/18/2023 8:51:08 ,7/18/2023 8:51:13 ,AMZN 230721C132,1.65,1.58,2,-14.0,-4.24%,0,2.0,2.0
405,7/18/2023 8:51:26 ,7/18/2023 8:52:29 ,AMZN 230721C132,1.58,1.49,2,-18.0,-5.70%,0,2.0,2.0
406,7/19/2023 8:34:34 ,7/19/2023 8:35:05 ,AMZN 230721C133,1.45,1.57,1,12.0,8.28%,1,1.0,1.0
407,7/19/2023 9:02:13 ,7/19/2023 9:05:44 ,AMD 230721P119,2.05,2.04,2,-2.0,-0.49%,0,2.0,2.0
408,7/19/2023 9:11:28 ,7/19/2023 9:11:42 ,SPY 230721P456,1.52,1.49,2,-6.0,-1.97%,0,2.0,2.0
409,7/19/2023 9:11:58 ,7/19/2023 9:15:07 ,SPY 230721P456,1.49,1.64,1,15.0,10.07%,1,1.0,1.0
410,7/19/2023 9:11:58 ,7/19/2023 9:17:06 ,SPY 230721P456,1.49,1.63,1,14.0,9.40%,1,1.0,1.0
411,7/19/2023 9:18:15 ,7/19/2023 9:18:18 ,AMD 230721C118,1.91,1.83,2,-16.0,-4.19%,0,2.0,2.0
